<?xml version="1.0" encoding="UTF-8"?><?xml-stylesheet type='text/xsl' href='_UpgradeReport_Files/UpgradeReport.xslt'?><UpgradeLog>
<Properties><Property Name="Solution" Value="lab6">
</Property><Property Name="Solution File" Value="F:\Documents\facultate\Materii\Anul III sem I\EGC\lab5\Lab5\lab6.sln">
</Property><Property Name="Date" Value="Thursday, November 15, 2012">
</Property><Property Name="Time" Value="15:23 PM">
</Property></Properties><Event ErrorLevel="0" Project="lab6" Source="lab6.vcproj" Description="Converting project file 'F:\Documents\facultate\Materii\Anul III sem I\EGC\lab5\Lab5\lab6.vcproj'.">
</Event><Event ErrorLevel="1" Project="lab6" Source="lab6.vcproj" Description="VCWebServiceProxyGeneratorTool is no longer supported. The tool has been removed from your project settings.">
</Event><Event ErrorLevel="1" Project="lab6" Source="lab6.vcproj" Description="MSB8012: $(TargetPath) ('F:\Documents\facultate\Materii\Anul III sem I\EGC\lab5\Lab5\.\Debug\lab6.exe') does not match the Linker's OutputFile property value '.\Debug/lab6.exe' ('F:\Documents\facultate\Materii\Anul III sem I\EGC\lab5\Lab5\Debug/lab6.exe') in project configuration 'Debug|Win32'. This may cause your project to build incorrectly. To correct this, please make sure that $(TargetPath) property value matches the value specified in %(Link.OutputFile).">
</Event><Event ErrorLevel="1" Project="lab6" Source="lab6.vcproj" Description="MSB8012: $(TargetName) ('lab6') does not match the Linker's OutputFile property value '.\Release/lab4.exe' ('lab4') in project configuration 'Release|Win32'. This may cause your project to build incorrectly. To correct this, please make sure that $(TargetName) property value matches the value specified in %(Link.OutputFile).">
</Event><Event ErrorLevel="1" Project="lab6" Source="lab6.vcproj" Description="MSB8012: $(TargetPath) ('F:\Documents\facultate\Materii\Anul III sem I\EGC\lab5\Lab5\.\Release\lab6.exe') does not match the Linker's OutputFile property value '.\Release/lab4.exe' ('F:\Documents\facultate\Materii\Anul III sem I\EGC\lab5\Lab5\Release/lab4.exe') in project configuration 'Release|Win32'. This may cause your project to build incorrectly. To correct this, please make sure that $(TargetPath) property value matches the value specified in %(Link.OutputFile).">
</Event><Event ErrorLevel="0" Project="lab6" Source="lab6.vcproj" Description="Done converting to new project file 'F:\Documents\facultate\Materii\Anul III sem I\EGC\lab5\Lab5\lab6.vcxproj'.">
</Event><Event ErrorLevel="3" Project="lab6" Source="lab6.vcproj" Description="Converted">
</Event><Event ErrorLevel="0" Project="" Source="lab6.sln" Description="Solution converted successfully">
</Event><Event ErrorLevel="3" Project="" Source="lab6.sln" Description="Converted">
</Event></UpgradeLog>