<?xml version="1.0" encoding="UTF-8"?><?xml-stylesheet type='text/xsl' href='_UpgradeReport_Files/UpgradeReport.xslt'?><UpgradeLog>
<Properties><Property Name="Solution" Value="lab7">
</Property><Property Name="Solution File" Value="E:\Elemente de Grafica\lab7\lab7.sln">
</Property><Property Name="Date" Value="Thursday, January 03, 2013">
</Property><Property Name="Time" Value="17:11:14">
</Property><Property Name="Log Number" Value="2">
</Property></Properties><Event ErrorLevel="0" Project="lab7" Source="lab7.vcproj" Description="Converting project file 'E:\Elemente de Grafica\lab7\lab7.vcproj'.">
</Event><Event ErrorLevel="1" Project="lab7" Source="lab7.vcproj" Description="VCWebServiceProxyGeneratorTool is no longer supported. The tool has been removed from your project settings.">
</Event><Event ErrorLevel="0" Project="lab7" Source="lab7.vcproj" Description="Done converting to new project file 'E:\Elemente de Grafica\lab7\lab7.vcxproj'.">
</Event><Event ErrorLevel="3" Project="lab7" Source="lab7.vcproj" Description="Converted">
</Event></UpgradeLog>