<?xml version="1.0" encoding="UTF-8"?><?xml-stylesheet type='text/xsl' href='_UpgradeReport_Files/UpgradeReport.xslt'?><UpgradeLog>
<Properties><Property Name="Solution" Value="lab">
</Property><Property Name="Solution File" Value="E:\Elemente de Grafica\Tema1\lab.sln">
</Property><Property Name="Date" Value="Saturday, October 20, 2012">
</Property><Property Name="Time" Value="13:32">
</Property></Properties><Event ErrorLevel="0" Project="" Source="lab.sln" Description="File successfully backed up as E:\Elemente de Grafica\Tema1\lab.sln.old">
</Event><Event ErrorLevel="0" Project="lab" Source="lab.vcproj" Description="Converting project file 'E:\Elemente de Grafica\Tema1\lab.vcproj'.">
</Event><Event ErrorLevel="1" Project="lab" Source="lab.vcproj" Description="VCWebServiceProxyGeneratorTool is no longer supported. The tool has been removed from your project settings.">
</Event><Event ErrorLevel="0" Project="lab" Source="lab.vcproj" Description="Done converting to new project file 'E:\Elemente de Grafica\Tema1\lab.vcxproj'.">
</Event><Event ErrorLevel="3" Project="lab" Source="lab.vcproj" Description="Converted">
</Event><Event ErrorLevel="0" Project="" Source="lab.sln" Description="Solution converted successfully">
</Event><Event ErrorLevel="3" Project="" Source="lab.sln" Description="Converted">
</Event></UpgradeLog>